{"cameraMode":{"drawMode":0,"name":"Shaded","section":"Shading Mode"},"sceneLighting":true,"audioPlay":false,"sceneViewState":{"m_AlwaysRefresh":false,"showFog":true,"showSkybox":true,"showFlares":true,"showImageEffects":true,"showParticleSystems":true,"showVisualEffectGraphs":true,"m_FxEnabled":true},"in2DMode":false,"pivot":{"x":2.5860977172851564,"y":0.8989319801330566,"z":-1.4340702295303345},"rotation":{"x":-0.22101083397865296,"y":0.6640381813049316,"z":-0.2155003845691681,"w":-0.6810075044631958},"size":0.7536535859107971,"orthographic":false}