{"cameraMode":{"drawMode":0,"name":"Shaded","section":"Shading Mode"},"sceneLighting":true,"audioPlay":false,"sceneViewState":{"m_AlwaysRefresh":false,"showFog":true,"showSkybox":true,"showFlares":true,"showImageEffects":true,"showParticleSystems":true,"showVisualEffectGraphs":true,"m_FxEnabled":true},"in2DMode":false,"pivot":{"x":346.5660400390625,"y":995.0424194335938,"z":-56.252105712890628},"rotation":{"x":0.04475826397538185,"y":0.04044225066900253,"z":-0.0018275745678693057,"w":0.9981926679611206},"size":283.6868591308594,"orthographic":false}